{"canonical_correlations":[0.4965355414,0.3121344983,0.2363270754,0.1535278911,0.1121039917],"min_canonical_corr":0.1121039917,"mean_canonical_corr":0.2621257996,"n_factors":5,"n_macro":28}