{"canonical_correlations":[0.5812740501,0.3735049228,0.3357674658,0.2215389981,0.1112145864],"min_canonical_corr":0.1112145864,"mean_canonical_corr":0.3246600047,"n_factors":5,"n_macro":28}