,rmse_ar1,rmse_model
original,0.02273376612647923,0.023011059226027662
spanned,0.02273376612647923,0.024411552794178754
residual,0.02273376612647923,0.022994463723635977
