,rmse_ar1,rmse_model
original,0.02449861786756626,0.024515812302632257
spanned,0.02449861786756626,0.02491689290905857
residual,0.02449861786756626,0.02453217807601391
