factor,r2_nonlinear,r2_linear,nonlinearity_premium,top_macro
f1,-0.052922179761550225,-0.21769406164568172,0.1647718818841315,"usd_twi, ust_10y, curve_2s10s"
f2,-0.18114391358131154,-0.2887183840581329,0.10757447047682134,"usd_aud, tips_10y, usd_twi"
f3,-0.10475613154708419,-1.5573573063179058,1.4526011747708216,"usd_twi, usd_aud, usd_cny"
f4,-0.09795235399766145,-0.6663575429229638,0.5684051889253023,"usd_twi, usd_cny, usd_aud"
f5,-0.3398770715342261,-1.3042321466841424,0.9643550751499164,"ust_10y, tips_10y, usd_aud"
