factor,phi_aggregate,abs_share,rank
f2,-4.372644073917401e-07,0.4390754019746966,1
f1,-1.7443093868695602e-07,0.17515336996588488,2
f3,-1.6450572138354377e-07,0.16518704592140865,3
f5,-1.431243689821304e-07,0.14371713951760984,4
f4,7.654999958595222e-08,0.07686704262039998,5
