factor,phi_aggregate,abs_share,rank
f4,-3.168770074259639e-06,0.24980992663009757,1
f5,-2.7278674940675405e-06,0.21505138037156454,2
f1,-2.646824088832088e-06,0.2086623251099732,3
f3,-2.1703283417421834e-06,0.17109779223742205,4
f2,-1.970934411396901e-06,0.15537857565094262,5
